hcp_id,specialty,brand_written,region
HCP1000,Cardiology,Drug_E,West
HCP1001,Neurology,Drug_A,East
HCP1002,Neurology,Drug_F,South
HCP1003,Neurology,Drug_A,North
HCP1004,Oncology,Drug_B,North
HCP1005,Endocrinology,Drug_C,Central
HCP1006,Neurology,Drug_E,West
HCP1007,Oncology,Drug_B,Central
HCP1008,Cardiology,Drug_C,Central
HCP1009,Endocrinology,Drug_B,Central
HCP1010,Cardiology,Drug_F,North
HCP1011,Endocrinology,Drug_E,North
HCP1012,Oncology,Drug_A,Central
HCP1013,General,Drug_A,North
HCP1014,Endocrinology,Drug_C,West
HCP1015,Cardiology,Drug_D,Central
HCP1016,Oncology,Drug_F,North
HCP1017,Endocrinology,Drug_C,South
HCP1018,General,Drug_D,Central
HCP1019,General,Drug_B,Central
HCP1020,Neurology,Drug_F,West
HCP1021,Neurology,Drug_B,East
HCP1022,Cardiology,Drug_E,East
HCP1023,Endocrinology,Drug_F,West
HCP1024,Endocrinology,Drug_D,West
HCP1025,Neurology,Drug_E,West
HCP1026,Endocrinology,Drug_A,East
HCP1027,Endocrinology,Drug_D,West
HCP1028,General,Drug_C,North
HCP1029,Neurology,Drug_A,Central
HCP1030,Oncology,Drug_A,Central
HCP1031,Neurology,Drug_C,South
HCP1032,Oncology,Drug_F,South
HCP1033,General,Drug_A,Central
HCP1034,Cardiology,Drug_D,North
HCP1035,Endocrinology,Drug_E,East
HCP1036,General,Drug_A,East
HCP1037,Endocrinology,Drug_D,North
HCP1038,Cardiology,Drug_B,East
HCP1039,Cardiology,Drug_D,West
HCP1040,General,Drug_E,Central
HCP1041,Cardiology,Drug_D,Central
HCP1042,Oncology,Drug_C,North
HCP1043,Cardiology,Drug_E,East
HCP1044,Endocrinology,Drug_F,South
HCP1045,Endocrinology,Drug_B,South
HCP1046,Endocrinology,Drug_C,East
HCP1047,Endocrinology,Drug_F,South
HCP1048,Oncology,Drug_D,North
HCP1049,Neurology,Drug_E,North
HCP1050,General,Drug_B,East
HCP1051,Endocrinology,Drug_C,South
HCP1052,Cardiology,Drug_F,North
HCP1053,Endocrinology,Drug_F,North
HCP1054,Cardiology,Drug_B,West
HCP1055,Cardiology,Drug_D,West
HCP1056,Endocrinology,Drug_B,North
HCP1057,Oncology,Drug_F,East
HCP1058,Cardiology,Drug_A,Central
HCP1059,Cardiology,Drug_C,Central
HCP1060,Endocrinology,Drug_B,North
HCP1061,Cardiology,Drug_F,North
HCP1062,Cardiology,Drug_D,North
HCP1063,Endocrinology,Drug_F,East
HCP1064,Endocrinology,Drug_D,West
HCP1065,General,Drug_B,North
HCP1066,Oncology,Drug_D,North
HCP1067,Oncology,Drug_E,South
HCP1068,Cardiology,Drug_E,East
HCP1069,Oncology,Drug_E,North
HCP1070,Cardiology,Drug_A,South
HCP1071,General,Drug_B,Central
HCP1072,Endocrinology,Drug_F,North
HCP1073,Endocrinology,Drug_F,North
HCP1074,Endocrinology,Drug_A,South
HCP1075,Oncology,Drug_D,East
HCP1076,General,Drug_A,North
HCP1077,Oncology,Drug_D,Central
HCP1078,Oncology,Drug_D,North
HCP1079,General,Drug_C,Central
HCP1080,General,Drug_F,West
HCP1081,General,Drug_E,West
HCP1082,General,Drug_D,Central
HCP1083,Endocrinology,Drug_C,East
HCP1084,Neurology,Drug_F,North
HCP1085,Neurology,Drug_E,North
HCP1086,General,Drug_D,West
HCP1087,Neurology,Drug_D,Central
HCP1088,Neurology,Drug_A,North
HCP1089,General,Drug_A,North
HCP1090,Neurology,Drug_F,East
HCP1091,Oncology,Drug_E,South
HCP1092,Cardiology,Drug_D,West
HCP1093,Cardiology,Drug_F,West
HCP1094,General,Drug_F,South
HCP1095,Endocrinology,Drug_B,North
HCP1096,General,Drug_A,East
HCP1097,Endocrinology,Drug_E,East
HCP1098,Cardiology,Drug_D,West
HCP1099,General,Drug_F,East
HCP1100,Oncology,Drug_D,South
HCP1101,Neurology,Drug_B,North
HCP1102,Endocrinology,Drug_E,South
HCP1103,Neurology,Drug_F,Central
HCP1104,Neurology,Drug_D,West
HCP1105,General,Drug_A,East
HCP1106,Neurology,Drug_B,Central
HCP1107,Oncology,Drug_E,East
HCP1108,Neurology,Drug_B,North
HCP1109,General,Drug_A,North
HCP1110,Oncology,Drug_E,North
HCP1111,Cardiology,Drug_B,East
HCP1112,Neurology,Drug_C,Central
HCP1113,General,Drug_A,North
HCP1114,Cardiology,Drug_A,Central
HCP1115,Cardiology,Drug_A,East
HCP1116,Endocrinology,Drug_C,Central
HCP1117,Oncology,Drug_C,East
HCP1118,Neurology,Drug_D,East
HCP1119,General,Drug_F,West
HCP1120,Endocrinology,Drug_B,East
HCP1121,Oncology,Drug_D,East
HCP1122,Endocrinology,Drug_B,South
HCP1123,Oncology,Drug_F,North
HCP1124,Oncology,Drug_C,West
HCP1125,Neurology,Drug_F,West
HCP1126,Oncology,Drug_C,West
HCP1127,Endocrinology,Drug_F,South
HCP1128,Oncology,Drug_D,East
HCP1129,Neurology,Drug_E,North
HCP1130,Neurology,Drug_D,Central
HCP1131,Endocrinology,Drug_B,East
HCP1132,Cardiology,Drug_D,South
HCP1133,Cardiology,Drug_A,East
HCP1134,Oncology,Drug_B,East
HCP1135,General,Drug_F,South
HCP1136,Oncology,Drug_B,West
HCP1137,Endocrinology,Drug_E,West
HCP1138,Endocrinology,Drug_C,North
HCP1139,Endocrinology,Drug_F,North
HCP1140,Endocrinology,Drug_B,West
HCP1141,Endocrinology,Drug_F,Central
HCP1142,Neurology,Drug_F,East
HCP1143,Cardiology,Drug_F,Central
HCP1144,Endocrinology,Drug_C,East
HCP1145,General,Drug_D,West
HCP1146,General,Drug_F,North
HCP1147,General,Drug_A,North
HCP1148,General,Drug_E,Central
HCP1149,Neurology,Drug_C,North
HCP1150,General,Drug_B,West
HCP1151,Endocrinology,Drug_C,Central
HCP1152,Oncology,Drug_B,East
HCP1153,General,Drug_C,North
HCP1154,Neurology,Drug_B,South
HCP1155,Neurology,Drug_F,North
HCP1156,General,Drug_D,East
HCP1157,Oncology,Drug_B,Central
HCP1158,General,Drug_B,East
HCP1159,Neurology,Drug_A,South
HCP1160,Cardiology,Drug_B,West
HCP1161,Endocrinology,Drug_A,North
HCP1162,Neurology,Drug_E,Central
HCP1163,General,Drug_F,West
HCP1164,Endocrinology,Drug_A,East
HCP1165,General,Drug_D,Central
HCP1166,General,Drug_F,West
HCP1167,Cardiology,Drug_A,Central
HCP1168,Endocrinology,Drug_F,South
HCP1169,Endocrinology,Drug_F,South
HCP1170,Cardiology,Drug_F,North
HCP1171,Neurology,Drug_E,North
HCP1172,General,Drug_D,South
HCP1173,Oncology,Drug_C,Central
HCP1174,General,Drug_C,South
HCP1175,General,Drug_A,North
HCP1176,Neurology,Drug_F,South
HCP1177,General,Drug_A,South
HCP1178,Cardiology,Drug_E,Central
HCP1179,Cardiology,Drug_E,West
HCP1180,Endocrinology,Drug_B,North
HCP1181,Oncology,Drug_E,Central
HCP1182,General,Drug_B,South
HCP1183,General,Drug_D,South
HCP1184,Neurology,Drug_A,West
HCP1185,Cardiology,Drug_D,North
HCP1186,Oncology,Drug_E,North
HCP1187,Endocrinology,Drug_D,East
HCP1188,Cardiology,Drug_D,North
HCP1189,Endocrinology,Drug_D,West
HCP1190,Neurology,Drug_E,East
HCP1191,Neurology,Drug_F,East
HCP1192,General,Drug_D,South
HCP1193,Oncology,Drug_B,South
HCP1194,Endocrinology,Drug_E,North
HCP1195,Cardiology,Drug_D,East
HCP1196,Neurology,Drug_F,South
HCP1197,General,Drug_E,West
HCP1198,General,Drug_C,South
HCP1199,Endocrinology,Drug_F,South
HCP1200,Neurology,Drug_B,East
HCP1201,Oncology,Drug_D,East
HCP1202,Neurology,Drug_C,Central
HCP1203,Endocrinology,Drug_C,West
HCP1204,Endocrinology,Drug_E,East
HCP1205,Neurology,Drug_C,North
HCP1206,Endocrinology,Drug_B,West
HCP1207,Neurology,Drug_B,West
HCP1208,Cardiology,Drug_A,East
HCP1209,Neurology,Drug_B,West
HCP1210,Neurology,Drug_F,East
HCP1211,Endocrinology,Drug_C,South
HCP1212,Endocrinology,Drug_B,Central
HCP1213,General,Drug_E,South
HCP1214,General,Drug_A,East
HCP1215,Cardiology,Drug_C,East
HCP1216,General,Drug_A,South
HCP1217,Neurology,Drug_C,North
HCP1218,Endocrinology,Drug_E,North
HCP1219,General,Drug_A,North
HCP1220,General,Drug_D,East
HCP1221,Cardiology,Drug_F,West
HCP1222,Cardiology,Drug_F,East
HCP1223,Neurology,Drug_C,West
HCP1224,Endocrinology,Drug_D,South
HCP1225,Cardiology,Drug_A,Central
HCP1226,General,Drug_D,West
HCP1227,Endocrinology,Drug_D,North
HCP1228,Endocrinology,Drug_A,East
HCP1229,General,Drug_E,South
HCP1230,Cardiology,Drug_D,North
HCP1231,General,Drug_D,South
HCP1232,Endocrinology,Drug_E,Central
HCP1233,Oncology,Drug_D,East
HCP1234,Oncology,Drug_D,East
HCP1235,Neurology,Drug_D,Central
HCP1236,General,Drug_F,East
HCP1237,General,Drug_B,West
HCP1238,Neurology,Drug_E,South
HCP1239,Neurology,Drug_D,North
HCP1240,Neurology,Drug_F,Central
HCP1241,Endocrinology,Drug_E,West
HCP1242,General,Drug_C,North
HCP1243,Endocrinology,Drug_C,North
HCP1244,Neurology,Drug_D,Central
HCP1245,General,Drug_F,West
HCP1246,Endocrinology,Drug_F,North
HCP1247,Endocrinology,Drug_E,North
HCP1248,Neurology,Drug_E,West
HCP1249,General,Drug_F,East
HCP1250,Neurology,Drug_E,North
HCP1251,General,Drug_F,South
HCP1252,Oncology,Drug_B,West
HCP1253,Cardiology,Drug_F,North
HCP1254,Cardiology,Drug_C,Central
HCP1255,Cardiology,Drug_E,South
HCP1256,Neurology,Drug_F,North
HCP1257,Oncology,Drug_F,South
HCP1258,General,Drug_E,South
HCP1259,Endocrinology,Drug_B,East
HCP1260,General,Drug_B,South
HCP1261,Endocrinology,Drug_E,East
HCP1262,General,Drug_A,West
HCP1263,Oncology,Drug_E,East
HCP1264,Endocrinology,Drug_E,Central
HCP1265,Neurology,Drug_B,North
HCP1266,General,Drug_B,West
HCP1267,General,Drug_E,West
HCP1268,Endocrinology,Drug_E,Central
HCP1269,Neurology,Drug_E,East
HCP1270,Neurology,Drug_B,North
HCP1271,Oncology,Drug_E,East
HCP1272,Neurology,Drug_E,South
HCP1273,Neurology,Drug_D,East
HCP1274,Neurology,Drug_A,West
HCP1275,Cardiology,Drug_C,North
HCP1276,Oncology,Drug_A,East
HCP1277,General,Drug_D,North
HCP1278,Endocrinology,Drug_C,North
HCP1279,General,Drug_E,South
HCP1280,Oncology,Drug_D,South
HCP1281,Endocrinology,Drug_E,West
HCP1282,Oncology,Drug_B,Central
HCP1283,Neurology,Drug_F,North
HCP1284,Endocrinology,Drug_D,Central
HCP1285,Neurology,Drug_B,West
HCP1286,General,Drug_D,North
HCP1287,General,Drug_D,North
HCP1288,Endocrinology,Drug_B,Central
HCP1289,Endocrinology,Drug_C,East
HCP1290,Oncology,Drug_A,South
HCP1291,Oncology,Drug_E,East
HCP1292,Neurology,Drug_D,Central
HCP1293,Endocrinology,Drug_E,South
HCP1294,General,Drug_F,East
HCP1295,Oncology,Drug_B,South
HCP1296,Oncology,Drug_E,North
HCP1297,General,Drug_B,East
HCP1298,Oncology,Drug_E,South
HCP1299,Neurology,Drug_A,South
HCP1300,Endocrinology,Drug_A,South
HCP1301,General,Drug_A,East
HCP1302,Endocrinology,Drug_A,West
HCP1303,Oncology,Drug_A,East
HCP1304,Oncology,Drug_A,Central
HCP1305,General,Drug_B,East
HCP1306,Neurology,Drug_D,South
HCP1307,Cardiology,Drug_E,North
HCP1308,General,Drug_A,East
HCP1309,Cardiology,Drug_B,East
HCP1310,Cardiology,Drug_B,South
HCP1311,Neurology,Drug_B,North
HCP1312,Cardiology,Drug_D,North
HCP1313,Cardiology,Drug_E,Central
HCP1314,Neurology,Drug_D,East
HCP1315,Cardiology,Drug_C,North
HCP1316,Cardiology,Drug_B,North
HCP1317,Cardiology,Drug_C,West
HCP1318,General,Drug_F,West
HCP1319,General,Drug_A,North
HCP1320,General,Drug_A,Central
HCP1321,Neurology,Drug_D,North
HCP1322,Oncology,Drug_E,South
HCP1323,Cardiology,Drug_C,East
HCP1324,Cardiology,Drug_E,Central
HCP1325,Neurology,Drug_D,South
HCP1326,Cardiology,Drug_A,Central
HCP1327,General,Drug_E,South
HCP1328,Oncology,Drug_E,East
HCP1329,Endocrinology,Drug_A,East
HCP1330,Cardiology,Drug_C,West
HCP1331,General,Drug_A,South
HCP1332,Endocrinology,Drug_E,West
HCP1333,Oncology,Drug_C,South
HCP1334,Endocrinology,Drug_C,West
HCP1335,General,Drug_A,East
HCP1336,Endocrinology,Drug_E,Central
HCP1337,Neurology,Drug_D,West
HCP1338,Endocrinology,Drug_E,South
HCP1339,Cardiology,Drug_B,South
HCP1340,Cardiology,Drug_F,East
HCP1341,Neurology,Drug_D,South
HCP1342,General,Drug_C,North
HCP1343,Cardiology,Drug_D,Central
HCP1344,Oncology,Drug_C,West
HCP1345,Cardiology,Drug_C,Central
HCP1346,Cardiology,Drug_D,East
HCP1347,General,Drug_C,West
HCP1348,Endocrinology,Drug_C,West
HCP1349,Cardiology,Drug_B,North
HCP1350,Neurology,Drug_E,East
HCP1351,Endocrinology,Drug_E,South
HCP1352,Oncology,Drug_F,North
HCP1353,General,Drug_F,North
HCP1354,Oncology,Drug_B,Central
HCP1355,Endocrinology,Drug_F,Central
HCP1356,Endocrinology,Drug_D,Central
HCP1357,Endocrinology,Drug_A,North
HCP1358,Oncology,Drug_A,South
HCP1359,Endocrinology,Drug_A,West
HCP1360,Oncology,Drug_B,Central
HCP1361,Endocrinology,Drug_B,South
HCP1362,Neurology,Drug_C,East
HCP1363,Endocrinology,Drug_A,Central
HCP1364,Oncology,Drug_D,West
HCP1365,Cardiology,Drug_F,East
HCP1366,Endocrinology,Drug_D,East
HCP1367,Cardiology,Drug_F,West
HCP1368,Neurology,Drug_A,Central
HCP1369,General,Drug_A,North
HCP1370,Neurology,Drug_A,West
HCP1371,Endocrinology,Drug_B,West
HCP1372,Cardiology,Drug_F,West
HCP1373,Cardiology,Drug_B,East
HCP1374,Oncology,Drug_B,South
HCP1375,Cardiology,Drug_E,North
HCP1376,Oncology,Drug_D,Central
HCP1377,General,Drug_D,Central
HCP1378,Endocrinology,Drug_C,South
HCP1379,Oncology,Drug_B,West
HCP1380,General,Drug_F,North
HCP1381,Cardiology,Drug_E,Central
HCP1382,Cardiology,Drug_E,Central
HCP1383,General,Drug_D,West
HCP1384,Cardiology,Drug_B,South
HCP1385,General,Drug_C,North
HCP1386,Oncology,Drug_B,South
HCP1387,Oncology,Drug_A,South
HCP1388,General,Drug_B,North
HCP1389,Oncology,Drug_A,North
HCP1390,Oncology,Drug_A,Central
HCP1391,Oncology,Drug_C,Central
HCP1392,Neurology,Drug_F,North
HCP1393,Endocrinology,Drug_D,East
HCP1394,Cardiology,Drug_B,Central
HCP1395,Neurology,Drug_A,East
HCP1396,Oncology,Drug_B,North
HCP1397,General,Drug_F,Central
HCP1398,Oncology,Drug_D,South
HCP1399,Endocrinology,Drug_F,North
HCP1400,Oncology,Drug_D,West
HCP1401,General,Drug_E,East
HCP1402,Endocrinology,Drug_D,North
HCP1403,Oncology,Drug_C,North
HCP1404,Endocrinology,Drug_F,Central
HCP1405,Cardiology,Drug_A,Central
HCP1406,Cardiology,Drug_E,Central
HCP1407,Oncology,Drug_C,West
HCP1408,Endocrinology,Drug_B,Central
HCP1409,General,Drug_F,North
HCP1410,Oncology,Drug_A,Central
HCP1411,Cardiology,Drug_D,South
HCP1412,Cardiology,Drug_A,Central
HCP1413,Oncology,Drug_B,West
HCP1414,Endocrinology,Drug_E,South
HCP1415,Cardiology,Drug_E,North
HCP1416,Endocrinology,Drug_F,North
HCP1417,Cardiology,Drug_E,East
HCP1418,Cardiology,Drug_F,South
HCP1419,Neurology,Drug_F,East
HCP1420,Cardiology,Drug_F,South
HCP1421,General,Drug_D,South
HCP1422,Oncology,Drug_C,West
HCP1423,Oncology,Drug_F,East
HCP1424,Endocrinology,Drug_F,West
HCP1425,Cardiology,Drug_C,South
HCP1426,General,Drug_A,North
HCP1427,Endocrinology,Drug_F,South
HCP1428,Neurology,Drug_D,West
HCP1429,Endocrinology,Drug_E,East
HCP1430,Endocrinology,Drug_E,East
HCP1431,Cardiology,Drug_B,West
HCP1432,Neurology,Drug_B,East
HCP1433,Endocrinology,Drug_E,Central
HCP1434,General,Drug_E,North
HCP1435,General,Drug_D,North
HCP1436,Oncology,Drug_C,North
HCP1437,Neurology,Drug_B,East
HCP1438,Neurology,Drug_C,East
HCP1439,Oncology,Drug_D,South
HCP1440,Endocrinology,Drug_E,South
HCP1441,Neurology,Drug_F,North
HCP1442,General,Drug_C,Central
HCP1443,General,Drug_E,South
HCP1444,Cardiology,Drug_E,South
HCP1445,Neurology,Drug_A,East
HCP1446,Endocrinology,Drug_C,Central
HCP1447,Oncology,Drug_F,North
HCP1448,Oncology,Drug_C,South
HCP1449,Endocrinology,Drug_E,Central
HCP1450,Cardiology,Drug_F,Central
HCP1451,Oncology,Drug_D,North
HCP1452,Neurology,Drug_A,Central
HCP1453,Cardiology,Drug_E,Central
HCP1454,Neurology,Drug_B,Central
HCP1455,General,Drug_B,South
HCP1456,Cardiology,Drug_A,North
HCP1457,Oncology,Drug_D,Central
HCP1458,Cardiology,Drug_E,Central
HCP1459,Cardiology,Drug_C,South
HCP1460,Cardiology,Drug_A,North
HCP1461,Cardiology,Drug_D,East
HCP1462,Neurology,Drug_C,South
HCP1463,General,Drug_B,North
HCP1464,Endocrinology,Drug_B,Central
HCP1465,Cardiology,Drug_C,North
HCP1466,Oncology,Drug_A,North
HCP1467,Cardiology,Drug_B,North
HCP1468,Oncology,Drug_E,East
HCP1469,Neurology,Drug_F,North
HCP1470,Oncology,Drug_C,East
HCP1471,Endocrinology,Drug_C,Central
HCP1472,General,Drug_B,East
HCP1473,Oncology,Drug_A,Central
HCP1474,Oncology,Drug_E,Central
HCP1475,General,Drug_A,East
HCP1476,Endocrinology,Drug_D,South
HCP1477,Cardiology,Drug_D,West
HCP1478,Oncology,Drug_F,North
HCP1479,General,Drug_B,West
HCP1480,Neurology,Drug_B,North
HCP1481,General,Drug_B,North
HCP1482,Neurology,Drug_F,Central
HCP1483,Endocrinology,Drug_D,North
HCP1484,Cardiology,Drug_A,North
HCP1485,General,Drug_F,East
HCP1486,Oncology,Drug_F,West
HCP1487,Endocrinology,Drug_A,East
HCP1488,General,Drug_B,North
HCP1489,Oncology,Drug_E,Central
HCP1490,General,Drug_A,East
HCP1491,Neurology,Drug_D,East
HCP1492,General,Drug_C,South
HCP1493,General,Drug_C,North
HCP1494,General,Drug_F,Central
HCP1495,Endocrinology,Drug_C,East
HCP1496,General,Drug_E,East
HCP1497,Oncology,Drug_B,Central
HCP1498,Neurology,Drug_D,North
HCP1499,Neurology,Drug_E,South
HCP1500,General,Drug_D,East
HCP1501,Endocrinology,Drug_D,South
HCP1502,Endocrinology,Drug_B,West
HCP1503,Oncology,Drug_F,North
HCP1504,General,Drug_C,West
HCP1505,Neurology,Drug_B,West
HCP1506,Endocrinology,Drug_E,West
HCP1507,General,Drug_F,North
HCP1508,Endocrinology,Drug_E,North
HCP1509,Endocrinology,Drug_F,Central
HCP1510,Neurology,Drug_E,South
HCP1511,Cardiology,Drug_B,South
HCP1512,Oncology,Drug_F,Central
HCP1513,Oncology,Drug_F,Central
HCP1514,Neurology,Drug_D,West
HCP1515,Endocrinology,Drug_D,Central
HCP1516,General,Drug_A,East
HCP1517,Endocrinology,Drug_E,South
HCP1518,Neurology,Drug_D,Central
HCP1519,Oncology,Drug_A,East
HCP1520,Endocrinology,Drug_D,East
HCP1521,Oncology,Drug_E,East
HCP1522,General,Drug_F,East
HCP1523,Oncology,Drug_C,West
HCP1524,Oncology,Drug_E,East
HCP1525,Cardiology,Drug_B,West
HCP1526,Cardiology,Drug_D,West
HCP1527,Cardiology,Drug_D,East
HCP1528,Oncology,Drug_F,South
HCP1529,Neurology,Drug_B,East
HCP1530,Oncology,Drug_F,East
HCP1531,Neurology,Drug_B,East
HCP1532,Neurology,Drug_C,South
HCP1533,Cardiology,Drug_D,North
HCP1534,Endocrinology,Drug_D,North
HCP1535,General,Drug_C,West
HCP1536,Cardiology,Drug_A,West
HCP1537,Cardiology,Drug_F,South
HCP1538,Endocrinology,Drug_C,Central
HCP1539,General,Drug_F,North
HCP1540,Oncology,Drug_E,West
HCP1541,Oncology,Drug_D,North
HCP1542,Cardiology,Drug_F,South
HCP1543,General,Drug_B,South
HCP1544,Cardiology,Drug_F,Central
HCP1545,Neurology,Drug_E,Central
HCP1546,Cardiology,Drug_D,South
HCP1547,Cardiology,Drug_C,West
HCP1548,Oncology,Drug_E,North
HCP1549,Oncology,Drug_D,East
HCP1550,Oncology,Drug_F,Central
HCP1551,Neurology,Drug_A,East
HCP1552,Oncology,Drug_A,West
HCP1553,General,Drug_B,Central
HCP1554,Endocrinology,Drug_D,East
HCP1555,General,Drug_A,West
HCP1556,General,Drug_C,North
HCP1557,Oncology,Drug_D,West
HCP1558,Endocrinology,Drug_C,Central
HCP1559,Endocrinology,Drug_C,South
HCP1560,Endocrinology,Drug_A,North
HCP1561,Neurology,Drug_D,East
HCP1562,Oncology,Drug_F,Central
HCP1563,Endocrinology,Drug_E,South
HCP1564,Neurology,Drug_A,West
HCP1565,Cardiology,Drug_A,South
HCP1566,Cardiology,Drug_F,Central
HCP1567,Neurology,Drug_D,Central
HCP1568,Neurology,Drug_D,South
HCP1569,Oncology,Drug_C,West
HCP1570,Oncology,Drug_F,South
HCP1571,Cardiology,Drug_F,Central
HCP1572,Endocrinology,Drug_D,Central
HCP1573,Cardiology,Drug_C,East
HCP1574,Endocrinology,Drug_A,East
HCP1575,Endocrinology,Drug_B,North
HCP1576,Oncology,Drug_E,Central
HCP1577,General,Drug_A,East
HCP1578,General,Drug_D,South
HCP1579,Neurology,Drug_E,West
HCP1580,Oncology,Drug_B,South
HCP1581,Endocrinology,Drug_B,West
HCP1582,General,Drug_C,East
HCP1583,Endocrinology,Drug_E,North
HCP1584,General,Drug_C,South
HCP1585,General,Drug_A,South
HCP1586,General,Drug_F,South
HCP1587,Oncology,Drug_F,West
HCP1588,Cardiology,Drug_F,East
HCP1589,Endocrinology,Drug_E,South
HCP1590,Oncology,Drug_F,South
HCP1591,Oncology,Drug_A,North
HCP1592,Oncology,Drug_C,North
HCP1593,Oncology,Drug_E,East
HCP1594,Oncology,Drug_C,East
HCP1595,Neurology,Drug_E,Central
HCP1596,Endocrinology,Drug_C,North
HCP1597,Oncology,Drug_B,Central
HCP1598,Endocrinology,Drug_C,West
HCP1599,Neurology,Drug_F,Central
HCP1600,Neurology,Drug_B,South
HCP1601,Endocrinology,Drug_C,Central
HCP1602,General,Drug_E,East
HCP1603,Cardiology,Drug_E,West
HCP1604,General,Drug_E,South
HCP1605,General,Drug_D,Central
HCP1606,General,Drug_A,West
HCP1607,Oncology,Drug_E,West
HCP1608,Neurology,Drug_B,South
HCP1609,General,Drug_E,Central
HCP1610,Neurology,Drug_D,West
HCP1611,Endocrinology,Drug_F,West
HCP1612,Cardiology,Drug_B,North
HCP1613,Endocrinology,Drug_D,West
HCP1614,Endocrinology,Drug_F,North
HCP1615,Oncology,Drug_B,Central
HCP1616,Cardiology,Drug_C,Central
HCP1617,Endocrinology,Drug_A,Central
HCP1618,Endocrinology,Drug_A,East
HCP1619,Cardiology,Drug_D,Central
HCP1620,Cardiology,Drug_F,West
HCP1621,Endocrinology,Drug_A,South
HCP1622,Cardiology,Drug_F,North
HCP1623,Endocrinology,Drug_F,East
HCP1624,Endocrinology,Drug_D,Central
HCP1625,Oncology,Drug_D,Central
HCP1626,General,Drug_D,South
HCP1627,Endocrinology,Drug_A,South
HCP1628,Neurology,Drug_D,East
HCP1629,General,Drug_A,North
HCP1630,General,Drug_D,Central
HCP1631,General,Drug_E,East
HCP1632,Oncology,Drug_F,West
HCP1633,Endocrinology,Drug_D,West
HCP1634,Oncology,Drug_B,East
HCP1635,Endocrinology,Drug_F,Central
HCP1636,Oncology,Drug_F,East
HCP1637,Oncology,Drug_D,Central
HCP1638,Neurology,Drug_C,South
HCP1639,Oncology,Drug_D,East
HCP1640,Cardiology,Drug_F,Central
HCP1641,Neurology,Drug_B,East
HCP1642,Oncology,Drug_F,East
HCP1643,General,Drug_B,Central
HCP1644,Cardiology,Drug_A,Central
HCP1645,Cardiology,Drug_E,North
HCP1646,Cardiology,Drug_F,East
HCP1647,Neurology,Drug_D,West
HCP1648,Oncology,Drug_A,East
HCP1649,Oncology,Drug_E,East
HCP1650,General,Drug_D,Central
HCP1651,General,Drug_C,East
HCP1652,Cardiology,Drug_D,East
HCP1653,General,Drug_B,West
HCP1654,Neurology,Drug_B,Central
HCP1655,Oncology,Drug_C,East
HCP1656,Cardiology,Drug_A,South
HCP1657,General,Drug_E,North
HCP1658,Neurology,Drug_D,West
HCP1659,Neurology,Drug_B,East
HCP1660,General,Drug_A,South
HCP1661,Oncology,Drug_C,East
HCP1662,General,Drug_F,East
HCP1663,Cardiology,Drug_B,Central
HCP1664,General,Drug_C,Central
HCP1665,Neurology,Drug_D,Central
HCP1666,General,Drug_E,South
HCP1667,Oncology,Drug_B,East
HCP1668,Endocrinology,Drug_B,North
HCP1669,General,Drug_D,West
HCP1670,Oncology,Drug_F,Central
HCP1671,Oncology,Drug_A,Central
HCP1672,Neurology,Drug_E,East
HCP1673,Oncology,Drug_B,East
HCP1674,Oncology,Drug_E,South
HCP1675,Oncology,Drug_B,South
HCP1676,Oncology,Drug_E,Central
HCP1677,Cardiology,Drug_C,East
HCP1678,Cardiology,Drug_B,North
HCP1679,Neurology,Drug_E,West
HCP1680,General,Drug_A,East
HCP1681,Oncology,Drug_C,East
HCP1682,General,Drug_C,South
HCP1683,General,Drug_A,West
HCP1684,Neurology,Drug_E,Central
HCP1685,Oncology,Drug_D,East
HCP1686,Oncology,Drug_A,Central
HCP1687,Endocrinology,Drug_E,East
HCP1688,General,Drug_A,Central
HCP1689,General,Drug_A,West
HCP1690,Cardiology,Drug_B,South
HCP1691,Endocrinology,Drug_E,West
HCP1692,Cardiology,Drug_D,North
HCP1693,Cardiology,Drug_B,South
HCP1694,Cardiology,Drug_A,West
HCP1695,Neurology,Drug_F,North
HCP1696,Neurology,Drug_A,East
HCP1697,Cardiology,Drug_A,East
HCP1698,Endocrinology,Drug_E,Central
HCP1699,General,Drug_E,South
HCP1700,Endocrinology,Drug_B,East
HCP1701,Oncology,Drug_D,South
HCP1702,Neurology,Drug_B,East
HCP1703,General,Drug_C,Central
HCP1704,General,Drug_A,West
HCP1705,Oncology,Drug_F,Central
HCP1706,Oncology,Drug_A,North
HCP1707,Cardiology,Drug_A,East
HCP1708,Neurology,Drug_B,North
HCP1709,Neurology,Drug_F,North
HCP1710,Endocrinology,Drug_F,South
HCP1711,Cardiology,Drug_F,East
HCP1712,Cardiology,Drug_B,North
HCP1713,Cardiology,Drug_A,West
HCP1714,Cardiology,Drug_B,North
HCP1715,Neurology,Drug_E,West
HCP1716,Neurology,Drug_E,South
HCP1717,Cardiology,Drug_B,North
HCP1718,Endocrinology,Drug_F,Central
HCP1719,General,Drug_A,South
HCP1720,General,Drug_B,West
HCP1721,Endocrinology,Drug_B,South
HCP1722,Cardiology,Drug_B,North
HCP1723,Neurology,Drug_C,East
HCP1724,General,Drug_E,East
HCP1725,Oncology,Drug_F,West
HCP1726,Oncology,Drug_D,West
HCP1727,Endocrinology,Drug_F,East
HCP1728,Cardiology,Drug_D,West
HCP1729,General,Drug_C,South
HCP1730,Cardiology,Drug_B,Central
HCP1731,General,Drug_C,Central
HCP1732,Endocrinology,Drug_C,South
HCP1733,Endocrinology,Drug_A,Central
HCP1734,Oncology,Drug_E,North
HCP1735,Cardiology,Drug_D,South
HCP1736,Oncology,Drug_B,West
HCP1737,Cardiology,Drug_D,South
HCP1738,Oncology,Drug_F,East
HCP1739,Neurology,Drug_D,West
HCP1740,Neurology,Drug_F,East
HCP1741,Neurology,Drug_E,West
HCP1742,Neurology,Drug_F,Central
HCP1743,General,Drug_D,South
HCP1744,Neurology,Drug_D,North
HCP1745,Endocrinology,Drug_F,West
HCP1746,Endocrinology,Drug_C,West
HCP1747,General,Drug_E,East
HCP1748,Neurology,Drug_A,Central
HCP1749,Neurology,Drug_B,East
HCP1750,Neurology,Drug_D,East
HCP1751,Oncology,Drug_B,Central
HCP1752,Cardiology,Drug_A,North
HCP1753,Oncology,Drug_B,East
HCP1754,Cardiology,Drug_A,East
HCP1755,Neurology,Drug_F,West
HCP1756,Neurology,Drug_C,Central
HCP1757,Oncology,Drug_D,South
HCP1758,Oncology,Drug_A,North
HCP1759,Cardiology,Drug_B,North
HCP1760,Endocrinology,Drug_D,Central
HCP1761,Cardiology,Drug_C,West
HCP1762,Oncology,Drug_F,West
HCP1763,Oncology,Drug_D,Central
HCP1764,General,Drug_A,West
HCP1765,Oncology,Drug_C,North
HCP1766,General,Drug_B,North
HCP1767,Endocrinology,Drug_C,South
HCP1768,Cardiology,Drug_C,Central
HCP1769,Cardiology,Drug_E,East
HCP1770,General,Drug_C,East
HCP1771,Cardiology,Drug_C,South
HCP1772,Oncology,Drug_D,South
HCP1773,Neurology,Drug_B,West
HCP1774,General,Drug_D,South
HCP1775,Cardiology,Drug_D,South
HCP1776,General,Drug_A,East
HCP1777,General,Drug_D,West
HCP1778,Neurology,Drug_E,South
HCP1779,Oncology,Drug_E,South
HCP1780,General,Drug_A,West
HCP1781,Cardiology,Drug_F,Central
HCP1782,Endocrinology,Drug_B,West
HCP1783,General,Drug_B,East
HCP1784,General,Drug_D,Central
HCP1785,Neurology,Drug_D,North
HCP1786,Oncology,Drug_F,West
HCP1787,Endocrinology,Drug_D,East
HCP1788,Cardiology,Drug_B,Central
HCP1789,Endocrinology,Drug_C,West
HCP1790,Cardiology,Drug_E,South
HCP1791,Oncology,Drug_C,West
HCP1792,Cardiology,Drug_C,North
HCP1793,Neurology,Drug_B,West
HCP1794,Neurology,Drug_C,Central
HCP1795,Neurology,Drug_F,Central
HCP1796,Neurology,Drug_A,West
HCP1797,Endocrinology,Drug_D,Central
HCP1798,Oncology,Drug_A,South
HCP1799,Cardiology,Drug_E,West
HCP1800,Cardiology,Drug_D,South
HCP1801,Neurology,Drug_C,South
HCP1802,Neurology,Drug_E,East
HCP1803,General,Drug_D,West
HCP1804,Oncology,Drug_F,Central
HCP1805,Endocrinology,Drug_F,South
HCP1806,Cardiology,Drug_F,East
HCP1807,General,Drug_F,West
HCP1808,General,Drug_C,West
HCP1809,Cardiology,Drug_A,North
HCP1810,Endocrinology,Drug_D,North
HCP1811,General,Drug_C,South
HCP1812,General,Drug_F,North
HCP1813,Oncology,Drug_A,South
HCP1814,Endocrinology,Drug_E,Central
HCP1815,General,Drug_E,South
HCP1816,Endocrinology,Drug_E,North
HCP1817,Cardiology,Drug_F,Central
HCP1818,Neurology,Drug_E,North
HCP1819,General,Drug_B,South
HCP1820,Oncology,Drug_D,East
HCP1821,Cardiology,Drug_D,West
HCP1822,Endocrinology,Drug_F,North
HCP1823,Cardiology,Drug_B,South
HCP1824,General,Drug_C,Central
HCP1825,Endocrinology,Drug_C,North
HCP1826,Neurology,Drug_E,North
HCP1827,Cardiology,Drug_A,West
HCP1828,General,Drug_C,South
HCP1829,Oncology,Drug_A,East
HCP1830,Endocrinology,Drug_D,Central
HCP1831,Cardiology,Drug_A,South
HCP1832,Cardiology,Drug_D,Central
HCP1833,Neurology,Drug_B,North
HCP1834,Neurology,Drug_B,West
HCP1835,Oncology,Drug_F,West
HCP1836,Oncology,Drug_F,East
HCP1837,General,Drug_E,West
HCP1838,General,Drug_C,North
HCP1839,Oncology,Drug_E,East
HCP1840,Oncology,Drug_D,South
HCP1841,Endocrinology,Drug_E,West
HCP1842,Neurology,Drug_A,East
HCP1843,General,Drug_D,North
HCP1844,Neurology,Drug_F,Central
HCP1845,Neurology,Drug_B,Central
HCP1846,Oncology,Drug_F,North
HCP1847,Endocrinology,Drug_C,North
HCP1848,Cardiology,Drug_D,Central
HCP1849,Endocrinology,Drug_D,East
HCP1850,Endocrinology,Drug_A,Central
HCP1851,Neurology,Drug_C,North
HCP1852,Endocrinology,Drug_B,West
HCP1853,General,Drug_D,South
HCP1854,Neurology,Drug_D,West
HCP1855,General,Drug_A,West
HCP1856,Cardiology,Drug_E,North
HCP1857,Neurology,Drug_B,Central
HCP1858,Cardiology,Drug_F,East
HCP1859,Neurology,Drug_C,West
HCP1860,Oncology,Drug_D,Central
HCP1861,Endocrinology,Drug_D,East
HCP1862,Oncology,Drug_F,West
HCP1863,Cardiology,Drug_B,East
HCP1864,Endocrinology,Drug_E,Central
HCP1865,Neurology,Drug_D,South
HCP1866,Endocrinology,Drug_B,Central
HCP1867,General,Drug_F,North
HCP1868,Endocrinology,Drug_A,East
HCP1869,General,Drug_E,South
HCP1870,Endocrinology,Drug_C,East
HCP1871,General,Drug_D,East
HCP1872,Cardiology,Drug_B,West
HCP1873,Oncology,Drug_A,North
HCP1874,Neurology,Drug_C,East
HCP1875,Endocrinology,Drug_B,Central
HCP1876,Oncology,Drug_B,Central
HCP1877,Neurology,Drug_C,West
HCP1878,Neurology,Drug_A,North
HCP1879,General,Drug_F,North
HCP1880,Cardiology,Drug_A,Central
HCP1881,Cardiology,Drug_E,South
HCP1882,Oncology,Drug_D,West
HCP1883,Cardiology,Drug_C,West
HCP1884,Endocrinology,Drug_F,Central
HCP1885,Cardiology,Drug_C,Central
HCP1886,Oncology,Drug_C,South
HCP1887,Cardiology,Drug_A,South
HCP1888,Endocrinology,Drug_D,North
HCP1889,General,Drug_E,West
HCP1890,Oncology,Drug_B,West
HCP1891,General,Drug_B,Central
HCP1892,General,Drug_C,North
HCP1893,General,Drug_D,West
HCP1894,Neurology,Drug_F,North
HCP1895,Neurology,Drug_A,North
HCP1896,General,Drug_D,Central
HCP1897,Oncology,Drug_D,North
HCP1898,Endocrinology,Drug_A,South
HCP1899,Endocrinology,Drug_C,South
HCP1900,Cardiology,Drug_D,East
HCP1901,Oncology,Drug_B,Central
HCP1902,Neurology,Drug_A,East
HCP1903,General,Drug_F,South
HCP1904,Cardiology,Drug_E,East
HCP1905,Endocrinology,Drug_C,Central
HCP1906,Neurology,Drug_A,Central
HCP1907,Neurology,Drug_E,North
HCP1908,General,Drug_E,West
HCP1909,Endocrinology,Drug_F,North
HCP1910,Oncology,Drug_D,Central
HCP1911,Neurology,Drug_F,South
HCP1912,General,Drug_D,South
HCP1913,Oncology,Drug_D,North
HCP1914,Endocrinology,Drug_A,Central
HCP1915,Neurology,Drug_A,South
HCP1916,Oncology,Drug_C,Central
HCP1917,Oncology,Drug_D,South
HCP1918,Oncology,Drug_E,Central
HCP1919,Neurology,Drug_B,East
HCP1920,Neurology,Drug_C,Central
HCP1921,Cardiology,Drug_A,Central
HCP1922,Endocrinology,Drug_F,North
HCP1923,General,Drug_C,East
HCP1924,Oncology,Drug_C,West
HCP1925,Cardiology,Drug_C,North
HCP1926,General,Drug_C,West
HCP1927,Cardiology,Drug_B,South
HCP1928,Neurology,Drug_F,West
HCP1929,Oncology,Drug_F,Central
HCP1930,General,Drug_F,West
HCP1931,General,Drug_D,North
HCP1932,General,Drug_E,North
HCP1933,General,Drug_F,West
HCP1934,General,Drug_C,North
HCP1935,Cardiology,Drug_C,North
HCP1936,Oncology,Drug_F,West
HCP1937,Neurology,Drug_F,East
HCP1938,Neurology,Drug_C,East
HCP1939,Neurology,Drug_D,South
HCP1940,Neurology,Drug_A,North
HCP1941,Cardiology,Drug_A,West
HCP1942,Endocrinology,Drug_F,North
HCP1943,Oncology,Drug_B,Central
HCP1944,General,Drug_F,North
HCP1945,Endocrinology,Drug_F,North
HCP1946,Neurology,Drug_A,East
HCP1947,Endocrinology,Drug_C,West
HCP1948,Oncology,Drug_F,North
HCP1949,General,Drug_C,East
HCP1950,General,Drug_C,South
HCP1951,Oncology,Drug_B,East
HCP1952,Oncology,Drug_C,East
HCP1953,Neurology,Drug_A,East
HCP1954,General,Drug_D,North
HCP1955,Endocrinology,Drug_D,North
HCP1956,Cardiology,Drug_E,South
HCP1957,Cardiology,Drug_F,Central
HCP1958,Oncology,Drug_A,Central
HCP1959,Neurology,Drug_C,Central
HCP1960,Cardiology,Drug_D,South
HCP1961,General,Drug_A,Central
HCP1962,Oncology,Drug_D,Central
HCP1963,Endocrinology,Drug_C,East
HCP1964,Oncology,Drug_D,North
HCP1965,Endocrinology,Drug_F,North
HCP1966,Oncology,Drug_F,East
HCP1967,Oncology,Drug_E,East
HCP1968,Oncology,Drug_E,East
HCP1969,Endocrinology,Drug_D,North
HCP1970,Endocrinology,Drug_A,Central
HCP1971,Oncology,Drug_F,East
HCP1972,Cardiology,Drug_A,South
HCP1973,Neurology,Drug_A,East
HCP1974,Neurology,Drug_D,West
HCP1975,Neurology,Drug_A,East
HCP1976,Endocrinology,Drug_F,North
HCP1977,Endocrinology,Drug_C,East
HCP1978,Cardiology,Drug_E,West
HCP1979,Neurology,Drug_C,South
HCP1980,Neurology,Drug_A,Central
HCP1981,Oncology,Drug_C,East
HCP1982,Endocrinology,Drug_F,West
HCP1983,Neurology,Drug_F,West
HCP1984,Cardiology,Drug_A,South
HCP1985,Cardiology,Drug_D,North
HCP1986,Neurology,Drug_C,East
HCP1987,Endocrinology,Drug_D,West
HCP1988,Cardiology,Drug_D,South
HCP1989,Oncology,Drug_B,Central
HCP1990,Cardiology,Drug_A,West
HCP1991,General,Drug_E,South
HCP1992,General,Drug_F,North
HCP1993,Endocrinology,Drug_F,North
HCP1994,Neurology,Drug_A,West
HCP1995,Endocrinology,Drug_E,West
HCP1996,Endocrinology,Drug_F,East
HCP1997,Endocrinology,Drug_A,South
HCP1998,Endocrinology,Drug_F,West
HCP1999,Oncology,Drug_D,East
HCP2000,Oncology,Drug_C,East
HCP2001,Cardiology,Drug_C,West
HCP2002,General,Drug_F,North
HCP2003,Endocrinology,Drug_B,South
HCP2004,Cardiology,Drug_E,South
HCP2005,General,Drug_E,North
HCP2006,Neurology,Drug_E,West
HCP2007,Oncology,Drug_D,South
HCP2008,General,Drug_E,West
HCP2009,Neurology,Drug_C,West
HCP2010,General,Drug_D,East
HCP2011,Oncology,Drug_A,North
HCP2012,Oncology,Drug_E,West
HCP2013,Cardiology,Drug_E,Central
HCP2014,Endocrinology,Drug_A,North
HCP2015,General,Drug_E,South
HCP2016,General,Drug_A,East
HCP2017,Neurology,Drug_D,South
HCP2018,Oncology,Drug_C,South
HCP2019,General,Drug_A,North
HCP2020,Oncology,Drug_B,South
HCP2021,General,Drug_A,West
HCP2022,Cardiology,Drug_E,South
HCP2023,Endocrinology,Drug_D,East
HCP2024,General,Drug_F,East
HCP2025,Oncology,Drug_D,Central
HCP2026,Cardiology,Drug_F,East
HCP2027,General,Drug_A,South
HCP2028,Neurology,Drug_C,East
HCP2029,Endocrinology,Drug_B,North
HCP2030,General,Drug_D,East
HCP2031,Cardiology,Drug_E,West
HCP2032,Neurology,Drug_F,North
HCP2033,Cardiology,Drug_E,Central
HCP2034,Cardiology,Drug_C,West
HCP2035,Neurology,Drug_F,South
HCP2036,Cardiology,Drug_D,South
HCP2037,Neurology,Drug_A,South
HCP2038,General,Drug_E,West
HCP2039,Neurology,Drug_C,West
HCP2040,Neurology,Drug_D,West
HCP2041,Endocrinology,Drug_D,North
HCP2042,Neurology,Drug_D,North
HCP2043,Neurology,Drug_D,South
HCP2044,General,Drug_F,East
HCP2045,Endocrinology,Drug_D,South
HCP2046,Oncology,Drug_E,Central
HCP2047,General,Drug_C,North
HCP2048,General,Drug_F,West
HCP2049,Oncology,Drug_D,North
HCP2050,Neurology,Drug_B,West
HCP2051,Cardiology,Drug_B,Central
HCP2052,Endocrinology,Drug_C,Central
HCP2053,Cardiology,Drug_A,North
HCP2054,Oncology,Drug_A,West
HCP2055,General,Drug_F,Central
HCP2056,General,Drug_F,South
HCP2057,Endocrinology,Drug_F,South
HCP2058,General,Drug_A,West
HCP2059,General,Drug_B,North
HCP2060,Endocrinology,Drug_A,Central
HCP2061,Endocrinology,Drug_E,North
HCP2062,Oncology,Drug_D,South
HCP2063,General,Drug_F,Central
HCP2064,General,Drug_B,North
HCP2065,Oncology,Drug_C,East
HCP2066,Neurology,Drug_C,West
HCP2067,Neurology,Drug_D,West
HCP2068,Neurology,Drug_B,East
HCP2069,Oncology,Drug_A,South
HCP2070,General,Drug_A,Central
HCP2071,Oncology,Drug_E,West
HCP2072,Oncology,Drug_E,East
HCP2073,Neurology,Drug_A,East
HCP2074,Cardiology,Drug_C,South
HCP2075,General,Drug_F,South
HCP2076,Neurology,Drug_C,North
HCP2077,Cardiology,Drug_E,West
HCP2078,Cardiology,Drug_D,North
HCP2079,Endocrinology,Drug_A,East
HCP2080,General,Drug_E,Central
HCP2081,Cardiology,Drug_E,Central
HCP2082,Neurology,Drug_F,South
HCP2083,Endocrinology,Drug_A,Central
HCP2084,General,Drug_F,Central
HCP2085,Oncology,Drug_A,Central
HCP2086,Neurology,Drug_F,East
HCP2087,Cardiology,Drug_C,Central
HCP2088,Cardiology,Drug_D,Central
HCP2089,Neurology,Drug_D,Central
HCP2090,Cardiology,Drug_A,North
HCP2091,Endocrinology,Drug_B,East
HCP2092,General,Drug_E,South
HCP2093,Endocrinology,Drug_E,North
HCP2094,Cardiology,Drug_A,West
HCP2095,Oncology,Drug_F,East
HCP2096,General,Drug_B,East
HCP2097,General,Drug_C,West
HCP2098,Neurology,Drug_F,West
HCP2099,Neurology,Drug_F,West
HCP2100,Oncology,Drug_A,South
HCP2101,General,Drug_A,Central
HCP2102,Oncology,Drug_E,East
HCP2103,Neurology,Drug_A,Central
HCP2104,Neurology,Drug_A,Central
HCP2105,General,Drug_A,West
HCP2106,Endocrinology,Drug_E,South
HCP2107,Cardiology,Drug_C,North
HCP2108,Neurology,Drug_C,South
HCP2109,Neurology,Drug_A,Central
HCP2110,Endocrinology,Drug_E,South
HCP2111,Endocrinology,Drug_C,West
HCP2112,Oncology,Drug_F,North
HCP2113,Oncology,Drug_C,West
HCP2114,Cardiology,Drug_C,North
HCP2115,Cardiology,Drug_E,Central
HCP2116,General,Drug_F,North
HCP2117,Oncology,Drug_E,North
HCP2118,Neurology,Drug_A,North
HCP2119,Oncology,Drug_D,South
HCP2120,Neurology,Drug_C,South
HCP2121,Endocrinology,Drug_D,Central
HCP2122,Oncology,Drug_E,North
HCP2123,Endocrinology,Drug_E,East
HCP2124,Cardiology,Drug_E,Central
HCP2125,Cardiology,Drug_D,North
HCP2126,General,Drug_E,North
HCP2127,Oncology,Drug_A,South
HCP2128,Endocrinology,Drug_E,Central
HCP2129,Neurology,Drug_B,North
HCP2130,Cardiology,Drug_D,North
HCP2131,Cardiology,Drug_B,Central
HCP2132,Neurology,Drug_E,East
HCP2133,Endocrinology,Drug_A,Central
HCP2134,Endocrinology,Drug_C,Central
HCP2135,Oncology,Drug_F,East
HCP2136,Oncology,Drug_F,Central
HCP2137,General,Drug_E,North
HCP2138,Cardiology,Drug_A,Central
HCP2139,Oncology,Drug_D,East
HCP2140,Endocrinology,Drug_B,West
HCP2141,Neurology,Drug_B,Central
HCP2142,Endocrinology,Drug_B,South
HCP2143,Cardiology,Drug_D,North
HCP2144,Endocrinology,Drug_F,North
HCP2145,General,Drug_A,South
HCP2146,Cardiology,Drug_D,South
HCP2147,Neurology,Drug_B,Central
HCP2148,General,Drug_E,South
HCP2149,Cardiology,Drug_C,West
HCP2150,Neurology,Drug_D,East
HCP2151,General,Drug_D,South
HCP2152,General,Drug_A,South
HCP2153,Cardiology,Drug_A,West
HCP2154,Oncology,Drug_D,North
HCP2155,General,Drug_B,North
HCP2156,General,Drug_C,Central
HCP2157,Neurology,Drug_A,West
HCP2158,Endocrinology,Drug_B,East
HCP2159,Cardiology,Drug_E,East
HCP2160,Cardiology,Drug_A,West
HCP2161,Oncology,Drug_B,East
HCP2162,Oncology,Drug_B,North
HCP2163,Cardiology,Drug_C,East
HCP2164,Oncology,Drug_C,East
HCP2165,Neurology,Drug_E,West
HCP2166,Cardiology,Drug_B,West
HCP2167,Oncology,Drug_F,East
HCP2168,Cardiology,Drug_B,South
HCP2169,Endocrinology,Drug_C,West
HCP2170,General,Drug_F,Central
HCP2171,Cardiology,Drug_A,Central
HCP2172,General,Drug_A,North
HCP2173,Oncology,Drug_D,East
HCP2174,General,Drug_C,South
HCP2175,Cardiology,Drug_D,North
HCP2176,Endocrinology,Drug_F,East
HCP2177,Oncology,Drug_C,West
HCP2178,Cardiology,Drug_E,Central
HCP2179,Oncology,Drug_B,South
HCP2180,Neurology,Drug_E,Central
HCP2181,General,Drug_F,West
HCP2182,Neurology,Drug_C,East
HCP2183,Cardiology,Drug_F,West
HCP2184,Endocrinology,Drug_B,West
HCP2185,Oncology,Drug_A,Central
HCP2186,General,Drug_A,South
HCP2187,Oncology,Drug_F,West
HCP2188,Cardiology,Drug_D,Central
HCP2189,Oncology,Drug_C,South
HCP2190,General,Drug_C,East
HCP2191,Cardiology,Drug_A,East
HCP2192,Oncology,Drug_E,North
HCP2193,Endocrinology,Drug_B,Central
HCP2194,Cardiology,Drug_E,South
HCP2195,Cardiology,Drug_E,West
HCP2196,Endocrinology,Drug_F,East
HCP2197,Neurology,Drug_A,South
HCP2198,General,Drug_A,Central
HCP2199,Neurology,Drug_A,North
HCP2200,Oncology,Drug_F,East
HCP2201,Endocrinology,Drug_D,South
HCP2202,Neurology,Drug_E,South
HCP2203,Cardiology,Drug_F,South
HCP2204,Oncology,Drug_C,Central
HCP2205,Oncology,Drug_B,Central
HCP2206,Neurology,Drug_D,Central
HCP2207,Neurology,Drug_C,West
HCP2208,Endocrinology,Drug_E,South
HCP2209,General,Drug_A,East
HCP2210,Neurology,Drug_E,Central
HCP2211,Neurology,Drug_F,Central
HCP2212,Cardiology,Drug_B,South
HCP2213,Oncology,Drug_F,Central
HCP2214,General,Drug_D,West
HCP2215,Cardiology,Drug_D,West
HCP2216,Endocrinology,Drug_B,Central
HCP2217,Endocrinology,Drug_C,South
HCP2218,Neurology,Drug_C,South
HCP2219,Neurology,Drug_D,South
HCP2220,Endocrinology,Drug_D,North
HCP2221,Neurology,Drug_A,Central
HCP2222,General,Drug_C,South
HCP2223,Neurology,Drug_B,West
HCP2224,Oncology,Drug_C,East
HCP2225,Neurology,Drug_A,East
HCP2226,Cardiology,Drug_F,South
HCP2227,General,Drug_D,East
HCP2228,Cardiology,Drug_D,East
HCP2229,Cardiology,Drug_A,North
HCP2230,Oncology,Drug_B,West
HCP2231,General,Drug_D,West
HCP2232,General,Drug_E,North
HCP2233,General,Drug_D,North
HCP2234,General,Drug_E,East
HCP2235,General,Drug_A,Central
HCP2236,Oncology,Drug_A,East
HCP2237,Neurology,Drug_D,North
HCP2238,Cardiology,Drug_C,West
HCP2239,General,Drug_E,East
HCP2240,Neurology,Drug_B,Central
HCP2241,Neurology,Drug_D,East
HCP2242,Cardiology,Drug_B,South
HCP2243,Oncology,Drug_D,East
HCP2244,Endocrinology,Drug_C,North
HCP2245,Endocrinology,Drug_C,West
HCP2246,Neurology,Drug_C,West
HCP2247,Cardiology,Drug_F,North
HCP2248,Endocrinology,Drug_C,South
HCP2249,Neurology,Drug_A,North
HCP2250,Oncology,Drug_A,East
HCP2251,Endocrinology,Drug_F,North
HCP2252,Neurology,Drug_E,North
HCP2253,Neurology,Drug_B,South
HCP2254,General,Drug_D,East
HCP2255,Oncology,Drug_D,Central
HCP2256,General,Drug_F,Central
HCP2257,Cardiology,Drug_A,West
HCP2258,General,Drug_D,North
HCP2259,General,Drug_A,West
HCP2260,Endocrinology,Drug_E,South
HCP2261,Neurology,Drug_B,Central
HCP2262,Oncology,Drug_E,North
HCP2263,General,Drug_F,South
HCP2264,Oncology,Drug_C,South
HCP2265,General,Drug_C,North
HCP2266,Cardiology,Drug_C,South
HCP2267,General,Drug_E,North
HCP2268,Endocrinology,Drug_D,North
HCP2269,Neurology,Drug_B,East
HCP2270,Cardiology,Drug_C,West
HCP2271,General,Drug_F,South
HCP2272,Oncology,Drug_F,South
HCP2273,Cardiology,Drug_C,East
HCP2274,Cardiology,Drug_C,East
HCP2275,General,Drug_B,East
HCP2276,Cardiology,Drug_C,Central
HCP2277,Oncology,Drug_B,Central
HCP2278,Cardiology,Drug_F,Central
HCP2279,Oncology,Drug_C,North
HCP2280,General,Drug_E,South
HCP2281,Neurology,Drug_E,West
HCP2282,Cardiology,Drug_F,North
HCP2283,Neurology,Drug_B,South
HCP2284,Oncology,Drug_E,South
HCP2285,Cardiology,Drug_B,East
HCP2286,Endocrinology,Drug_E,East
HCP2287,Neurology,Drug_E,North
HCP2288,Cardiology,Drug_B,East
HCP2289,Neurology,Drug_D,South
HCP2290,Cardiology,Drug_E,East
HCP2291,General,Drug_C,Central
HCP2292,Neurology,Drug_F,East
HCP2293,Endocrinology,Drug_D,South
HCP2294,Endocrinology,Drug_B,North
HCP2295,Oncology,Drug_D,West
HCP2296,Cardiology,Drug_A,East
HCP2297,Neurology,Drug_A,South
HCP2298,Oncology,Drug_E,West
HCP2299,Neurology,Drug_E,West
HCP2300,Cardiology,Drug_C,Central
HCP2301,Endocrinology,Drug_F,West
HCP2302,General,Drug_D,South
HCP2303,Endocrinology,Drug_A,South
HCP2304,Oncology,Drug_E,East
HCP2305,General,Drug_F,East
HCP2306,Oncology,Drug_D,East
HCP2307,Cardiology,Drug_E,West
HCP2308,General,Drug_E,West
HCP2309,Oncology,Drug_A,Central
HCP2310,Cardiology,Drug_A,East
HCP2311,Endocrinology,Drug_E,North
HCP2312,Cardiology,Drug_B,Central
HCP2313,Neurology,Drug_E,North
HCP2314,Cardiology,Drug_F,West
HCP2315,Cardiology,Drug_E,Central
HCP2316,Neurology,Drug_C,Central
HCP2317,Oncology,Drug_C,South
HCP2318,Oncology,Drug_C,West
HCP2319,Cardiology,Drug_B,West
HCP2320,Neurology,Drug_B,Central
HCP2321,Neurology,Drug_E,West
HCP2322,Endocrinology,Drug_C,Central
HCP2323,Oncology,Drug_B,South
HCP2324,General,Drug_A,Central
HCP2325,Oncology,Drug_E,West
HCP2326,Oncology,Drug_F,West
HCP2327,Endocrinology,Drug_D,Central
HCP2328,General,Drug_E,Central
HCP2329,Endocrinology,Drug_D,Central
HCP2330,General,Drug_C,East
HCP2331,Cardiology,Drug_D,West
HCP2332,General,Drug_C,West
HCP2333,Endocrinology,Drug_A,East
HCP2334,Oncology,Drug_D,Central
HCP2335,General,Drug_E,South
HCP2336,General,Drug_C,Central
HCP2337,Neurology,Drug_E,Central
HCP2338,Oncology,Drug_B,East
HCP2339,Cardiology,Drug_C,West
HCP2340,Endocrinology,Drug_D,Central
HCP2341,Cardiology,Drug_C,West
HCP2342,Oncology,Drug_E,North
HCP2343,General,Drug_A,West
HCP2344,General,Drug_C,South
HCP2345,Oncology,Drug_D,South
HCP2346,General,Drug_B,Central
HCP2347,General,Drug_F,West
HCP2348,General,Drug_A,Central
HCP2349,Endocrinology,Drug_B,East
HCP2350,Endocrinology,Drug_C,South
HCP2351,Neurology,Drug_E,Central
HCP2352,Cardiology,Drug_E,East
HCP2353,Oncology,Drug_D,Central
HCP2354,Oncology,Drug_E,West
HCP2355,Oncology,Drug_A,West
HCP2356,Neurology,Drug_E,West
HCP2357,Endocrinology,Drug_D,West
HCP2358,Neurology,Drug_F,North
HCP2359,Oncology,Drug_C,East
HCP2360,Cardiology,Drug_C,East
HCP2361,General,Drug_E,West
HCP2362,Endocrinology,Drug_B,North
HCP2363,Endocrinology,Drug_C,West
HCP2364,Neurology,Drug_F,North
HCP2365,Endocrinology,Drug_E,West
HCP2366,Oncology,Drug_D,South
HCP2367,Oncology,Drug_F,South
HCP2368,Neurology,Drug_E,Central
HCP2369,Oncology,Drug_F,West
HCP2370,Cardiology,Drug_C,East
HCP2371,Neurology,Drug_D,Central
HCP2372,Cardiology,Drug_E,South
HCP2373,General,Drug_A,West
HCP2374,Cardiology,Drug_D,Central
HCP2375,General,Drug_A,West
HCP2376,General,Drug_F,South
HCP2377,Cardiology,Drug_B,Central
HCP2378,Neurology,Drug_D,South
HCP2379,Oncology,Drug_F,North
HCP2380,Oncology,Drug_A,South
HCP2381,General,Drug_C,West
HCP2382,General,Drug_C,East
HCP2383,Neurology,Drug_B,South
HCP2384,Endocrinology,Drug_D,East
HCP2385,Cardiology,Drug_D,North
HCP2386,General,Drug_D,Central
HCP2387,Oncology,Drug_F,Central
HCP2388,Neurology,Drug_B,East
HCP2389,Cardiology,Drug_D,Central
HCP2390,Neurology,Drug_F,South
HCP2391,Cardiology,Drug_C,East
HCP2392,Cardiology,Drug_A,West
HCP2393,General,Drug_F,South
HCP2394,Neurology,Drug_C,South
HCP2395,Neurology,Drug_C,South
HCP2396,Oncology,Drug_A,West
HCP2397,Oncology,Drug_C,North
HCP2398,General,Drug_B,Central
HCP2399,General,Drug_A,East
HCP2400,Endocrinology,Drug_C,North
HCP2401,Oncology,Drug_E,East
HCP2402,Cardiology,Drug_F,Central
HCP2403,Neurology,Drug_C,West
HCP2404,General,Drug_B,South
HCP2405,Neurology,Drug_D,South
HCP2406,Neurology,Drug_C,West
HCP2407,Endocrinology,Drug_D,North
HCP2408,Oncology,Drug_E,North
HCP2409,General,Drug_C,East
HCP2410,Neurology,Drug_A,West
HCP2411,General,Drug_D,North
HCP2412,Cardiology,Drug_E,West
HCP2413,Endocrinology,Drug_A,Central
HCP2414,Cardiology,Drug_A,South
HCP2415,General,Drug_A,South
HCP2416,General,Drug_A,South
HCP2417,Oncology,Drug_C,West
HCP2418,Neurology,Drug_F,West
HCP2419,Neurology,Drug_C,East
HCP2420,Cardiology,Drug_C,South
HCP2421,Endocrinology,Drug_E,East
HCP2422,Neurology,Drug_E,South
HCP2423,Oncology,Drug_F,East
HCP2424,Cardiology,Drug_E,East
HCP2425,Cardiology,Drug_B,Central
HCP2426,Oncology,Drug_F,East
HCP2427,Endocrinology,Drug_E,West
HCP2428,Oncology,Drug_F,East
HCP2429,Endocrinology,Drug_C,South
HCP2430,Oncology,Drug_C,East
HCP2431,Oncology,Drug_F,North
HCP2432,General,Drug_B,South
HCP2433,Cardiology,Drug_B,North
HCP2434,Oncology,Drug_F,South
HCP2435,Oncology,Drug_E,West
HCP2436,Neurology,Drug_D,West
HCP2437,Cardiology,Drug_B,West
HCP2438,Neurology,Drug_A,North
HCP2439,Cardiology,Drug_C,Central
HCP2440,Neurology,Drug_F,South
HCP2441,Oncology,Drug_A,West
HCP2442,Oncology,Drug_F,South
HCP2443,General,Drug_C,North
HCP2444,Neurology,Drug_C,Central
HCP2445,Endocrinology,Drug_B,North
HCP2446,General,Drug_B,South
HCP2447,Neurology,Drug_A,Central
HCP2448,Neurology,Drug_F,Central
HCP2449,General,Drug_C,North
HCP2450,Oncology,Drug_A,West
HCP2451,Neurology,Drug_D,South
HCP2452,Oncology,Drug_A,East
HCP2453,General,Drug_E,East
HCP2454,Oncology,Drug_A,North
HCP2455,Cardiology,Drug_E,South
HCP2456,Endocrinology,Drug_E,South
HCP2457,Neurology,Drug_E,North
HCP2458,Endocrinology,Drug_D,South
HCP2459,Oncology,Drug_A,West
HCP2460,Neurology,Drug_A,North
HCP2461,Oncology,Drug_D,West
HCP2462,Cardiology,Drug_C,South
HCP2463,General,Drug_B,North
HCP2464,Neurology,Drug_A,South
HCP2465,Cardiology,Drug_B,North
HCP2466,Cardiology,Drug_F,South
HCP2467,Neurology,Drug_F,West
HCP2468,Oncology,Drug_D,West
HCP2469,Cardiology,Drug_F,South
HCP2470,Endocrinology,Drug_F,North
HCP2471,Cardiology,Drug_C,East
HCP2472,Oncology,Drug_C,West
HCP2473,Oncology,Drug_C,West
HCP2474,Endocrinology,Drug_F,East
HCP2475,Cardiology,Drug_D,South
HCP2476,Oncology,Drug_E,North
HCP2477,Neurology,Drug_E,South
HCP2478,General,Drug_B,Central
HCP2479,General,Drug_E,West
HCP2480,General,Drug_E,Central
HCP2481,Cardiology,Drug_C,West
HCP2482,Endocrinology,Drug_C,West
HCP2483,Oncology,Drug_F,Central
HCP2484,Neurology,Drug_B,Central
HCP2485,Neurology,Drug_A,South
HCP2486,Cardiology,Drug_B,Central
HCP2487,General,Drug_B,South
HCP2488,Cardiology,Drug_D,South
HCP2489,Endocrinology,Drug_F,South
HCP2490,Endocrinology,Drug_D,West
HCP2491,Oncology,Drug_B,West
HCP2492,Oncology,Drug_B,Central
HCP2493,Endocrinology,Drug_B,West
HCP2494,Endocrinology,Drug_E,Central
HCP2495,Endocrinology,Drug_D,West
HCP2496,Cardiology,Drug_B,North
HCP2497,Endocrinology,Drug_C,North
HCP2498,Neurology,Drug_F,Central
HCP2499,General,Drug_F,West
HCP2500,Endocrinology,Drug_C,West
HCP2501,General,Drug_F,South
HCP2502,Cardiology,Drug_E,East
HCP2503,General,Drug_E,Central
HCP2504,Cardiology,Drug_A,East
HCP2505,Neurology,Drug_A,East
HCP2506,Cardiology,Drug_A,Central
HCP2507,Cardiology,Drug_F,West
HCP2508,Oncology,Drug_E,Central
HCP2509,Endocrinology,Drug_E,East
HCP2510,Endocrinology,Drug_E,West
HCP2511,Neurology,Drug_C,North
HCP2512,Neurology,Drug_E,Central
HCP2513,Endocrinology,Drug_C,Central
HCP2514,Oncology,Drug_A,West
HCP2515,Endocrinology,Drug_A,North
HCP2516,Oncology,Drug_F,North
HCP2517,Neurology,Drug_A,West
HCP2518,General,Drug_F,South
HCP2519,Neurology,Drug_B,Central
HCP2520,Neurology,Drug_B,Central
HCP2521,Cardiology,Drug_D,East
HCP2522,Cardiology,Drug_F,West
HCP2523,Cardiology,Drug_D,East
HCP2524,Cardiology,Drug_D,East
HCP2525,Oncology,Drug_B,North
HCP2526,Endocrinology,Drug_F,Central
HCP2527,General,Drug_B,East
HCP2528,Neurology,Drug_D,North
HCP2529,Oncology,Drug_F,West
HCP2530,General,Drug_D,East
HCP2531,Oncology,Drug_E,Central
HCP2532,Oncology,Drug_F,East
HCP2533,Neurology,Drug_F,West
HCP2534,Endocrinology,Drug_D,East
HCP2535,Cardiology,Drug_E,Central
HCP2536,Endocrinology,Drug_C,North
HCP2537,Neurology,Drug_B,Central
HCP2538,Neurology,Drug_D,North
HCP2539,Neurology,Drug_F,South
HCP2540,General,Drug_B,Central
HCP2541,Endocrinology,Drug_B,Central
HCP2542,Endocrinology,Drug_B,West
HCP2543,Oncology,Drug_C,East
HCP2544,Oncology,Drug_A,North
HCP2545,Oncology,Drug_D,North
HCP2546,Neurology,Drug_A,West
HCP2547,Endocrinology,Drug_A,West
HCP2548,Neurology,Drug_A,East
HCP2549,General,Drug_B,East
HCP2550,Oncology,Drug_E,Central
HCP2551,Neurology,Drug_B,South
HCP2552,Neurology,Drug_B,East
HCP2553,General,Drug_F,West
HCP2554,Cardiology,Drug_F,East
HCP2555,Endocrinology,Drug_A,North
HCP2556,Cardiology,Drug_B,South
HCP2557,Oncology,Drug_A,Central
HCP2558,Neurology,Drug_F,North
HCP2559,General,Drug_E,North
HCP2560,General,Drug_D,South
HCP2561,Endocrinology,Drug_A,Central
HCP2562,Cardiology,Drug_E,West
HCP2563,Endocrinology,Drug_D,Central
HCP2564,Neurology,Drug_C,East
HCP2565,Endocrinology,Drug_A,North
HCP2566,General,Drug_A,East
HCP2567,General,Drug_C,West
HCP2568,Oncology,Drug_C,East
HCP2569,Oncology,Drug_A,Central
HCP2570,Neurology,Drug_C,East
HCP2571,Cardiology,Drug_B,West
HCP2572,Endocrinology,Drug_D,West
HCP2573,Neurology,Drug_D,West
HCP2574,Oncology,Drug_D,Central
HCP2575,Endocrinology,Drug_B,West
HCP2576,Oncology,Drug_C,North
HCP2577,Endocrinology,Drug_E,West
HCP2578,Cardiology,Drug_C,East
HCP2579,Neurology,Drug_A,East
HCP2580,Endocrinology,Drug_F,East
HCP2581,General,Drug_D,Central
HCP2582,General,Drug_C,East
HCP2583,Endocrinology,Drug_E,Central
HCP2584,Endocrinology,Drug_A,Central
HCP2585,Endocrinology,Drug_B,West
HCP2586,General,Drug_B,North
HCP2587,General,Drug_E,West
HCP2588,Endocrinology,Drug_A,West
HCP2589,Oncology,Drug_D,Central
HCP2590,Oncology,Drug_C,Central
HCP2591,Cardiology,Drug_A,East
HCP2592,Neurology,Drug_B,East
HCP2593,Oncology,Drug_E,West
HCP2594,General,Drug_E,South
HCP2595,Oncology,Drug_C,South
HCP2596,Cardiology,Drug_E,East
HCP2597,Cardiology,Drug_E,South
HCP2598,Neurology,Drug_A,East
HCP2599,Oncology,Drug_D,Central
HCP2600,General,Drug_C,West
HCP2601,General,Drug_A,North
HCP2602,Endocrinology,Drug_D,West
HCP2603,General,Drug_A,East
HCP2604,Neurology,Drug_F,East
HCP2605,Neurology,Drug_A,West
HCP2606,General,Drug_E,East
HCP2607,General,Drug_D,South
HCP2608,Endocrinology,Drug_C,South
HCP2609,General,Drug_C,East
HCP2610,Endocrinology,Drug_D,East
HCP2611,Endocrinology,Drug_E,South
HCP2612,General,Drug_B,East
HCP2613,Cardiology,Drug_A,East
HCP2614,Cardiology,Drug_E,West
HCP2615,Endocrinology,Drug_F,North
HCP2616,General,Drug_D,South
HCP2617,Cardiology,Drug_A,West
HCP2618,General,Drug_C,North
HCP2619,General,Drug_B,East
HCP2620,General,Drug_F,East
HCP2621,Oncology,Drug_C,West
HCP2622,General,Drug_D,East
HCP2623,Oncology,Drug_A,Central
HCP2624,Endocrinology,Drug_D,West
HCP2625,Cardiology,Drug_A,North
HCP2626,Cardiology,Drug_E,West
HCP2627,Cardiology,Drug_B,South
HCP2628,Cardiology,Drug_E,West
HCP2629,Cardiology,Drug_E,East
HCP2630,Cardiology,Drug_D,East
HCP2631,Cardiology,Drug_B,Central
HCP2632,Endocrinology,Drug_A,Central
HCP2633,General,Drug_A,Central
HCP2634,Neurology,Drug_F,North
HCP2635,Oncology,Drug_C,Central
HCP2636,Neurology,Drug_F,North
HCP2637,Neurology,Drug_F,Central
HCP2638,General,Drug_A,North
HCP2639,General,Drug_D,West
HCP2640,General,Drug_E,West
HCP2641,Cardiology,Drug_E,East
HCP2642,Endocrinology,Drug_E,North
HCP2643,Cardiology,Drug_B,South
HCP2644,Endocrinology,Drug_A,East
HCP2645,Endocrinology,Drug_D,West
HCP2646,Neurology,Drug_B,North
HCP2647,Neurology,Drug_C,Central
HCP2648,Endocrinology,Drug_D,South
HCP2649,Endocrinology,Drug_F,West
HCP2650,Cardiology,Drug_D,East
HCP2651,Cardiology,Drug_D,North
HCP2652,Neurology,Drug_E,South
HCP2653,General,Drug_D,North
HCP2654,Endocrinology,Drug_F,Central
HCP2655,Cardiology,Drug_F,East
HCP2656,Neurology,Drug_A,North
HCP2657,Cardiology,Drug_D,West
HCP2658,Endocrinology,Drug_E,East
HCP2659,Endocrinology,Drug_D,West
HCP2660,Oncology,Drug_C,North
HCP2661,General,Drug_C,East
HCP2662,Oncology,Drug_E,West
HCP2663,Neurology,Drug_A,Central
HCP2664,Cardiology,Drug_A,Central
HCP2665,Neurology,Drug_F,North
HCP2666,Endocrinology,Drug_F,East
HCP2667,Oncology,Drug_B,South
HCP2668,Oncology,Drug_E,East
HCP2669,Oncology,Drug_D,Central
HCP2670,Neurology,Drug_E,West
HCP2671,Endocrinology,Drug_B,South
HCP2672,Cardiology,Drug_F,North
HCP2673,Cardiology,Drug_E,South
HCP2674,Neurology,Drug_E,North
HCP2675,Oncology,Drug_F,South
HCP2676,General,Drug_B,North
HCP2677,Neurology,Drug_F,North
HCP2678,Neurology,Drug_A,South
HCP2679,Endocrinology,Drug_D,South
HCP2680,Cardiology,Drug_F,North
HCP2681,Neurology,Drug_B,Central
HCP2682,Neurology,Drug_C,South
HCP2683,Oncology,Drug_A,East
HCP2684,Oncology,Drug_C,West
HCP2685,General,Drug_F,North
HCP2686,Endocrinology,Drug_A,North
HCP2687,General,Drug_D,West
HCP2688,Oncology,Drug_F,Central
HCP2689,Cardiology,Drug_D,West
HCP2690,Oncology,Drug_E,South
HCP2691,Endocrinology,Drug_C,West
HCP2692,Oncology,Drug_A,North
HCP2693,Endocrinology,Drug_D,West
HCP2694,Endocrinology,Drug_B,East
HCP2695,Endocrinology,Drug_D,South
HCP2696,Endocrinology,Drug_B,West
HCP2697,Endocrinology,Drug_F,North
HCP2698,Cardiology,Drug_A,South
HCP2699,General,Drug_D,North
HCP2700,Neurology,Drug_D,Central
HCP2701,General,Drug_A,East
HCP2702,Endocrinology,Drug_D,Central
HCP2703,Cardiology,Drug_B,East
HCP2704,Oncology,Drug_D,West
HCP2705,Cardiology,Drug_C,South
HCP2706,Endocrinology,Drug_F,West
HCP2707,Cardiology,Drug_E,East
HCP2708,Cardiology,Drug_B,East
HCP2709,Endocrinology,Drug_C,East
HCP2710,Cardiology,Drug_F,North
HCP2711,Neurology,Drug_A,South
HCP2712,Neurology,Drug_B,West
HCP2713,Cardiology,Drug_E,West
HCP2714,Oncology,Drug_F,Central
HCP2715,Endocrinology,Drug_E,East
HCP2716,Neurology,Drug_A,East
HCP2717,Oncology,Drug_A,East
HCP2718,Cardiology,Drug_B,West
HCP2719,Oncology,Drug_D,Central
HCP2720,General,Drug_A,North
HCP2721,Neurology,Drug_F,South
HCP2722,Cardiology,Drug_D,North
HCP2723,Endocrinology,Drug_C,West
HCP2724,Cardiology,Drug_E,East
HCP2725,Endocrinology,Drug_D,South
HCP2726,Cardiology,Drug_E,West
HCP2727,Oncology,Drug_D,West
HCP2728,Oncology,Drug_C,West
HCP2729,Oncology,Drug_A,South
HCP2730,General,Drug_C,South
HCP2731,Endocrinology,Drug_A,Central
HCP2732,Oncology,Drug_A,Central
HCP2733,General,Drug_E,North
HCP2734,Endocrinology,Drug_F,South
HCP2735,Cardiology,Drug_C,South
HCP2736,General,Drug_D,South
HCP2737,Neurology,Drug_C,Central
HCP2738,General,Drug_E,West
HCP2739,General,Drug_A,East
HCP2740,Endocrinology,Drug_E,Central
HCP2741,Cardiology,Drug_B,South
HCP2742,Neurology,Drug_B,Central
HCP2743,Oncology,Drug_D,North
HCP2744,Oncology,Drug_E,South
HCP2745,General,Drug_D,North
HCP2746,Endocrinology,Drug_D,South
HCP2747,Endocrinology,Drug_B,Central
HCP2748,Oncology,Drug_D,West
HCP2749,Neurology,Drug_B,East
HCP2750,Cardiology,Drug_A,North
HCP2751,Neurology,Drug_E,Central
HCP2752,Cardiology,Drug_D,West
HCP2753,Oncology,Drug_B,Central
HCP2754,Cardiology,Drug_C,North
HCP2755,Endocrinology,Drug_D,East
HCP2756,General,Drug_F,Central
HCP2757,General,Drug_A,South
HCP2758,Oncology,Drug_A,West
HCP2759,Endocrinology,Drug_C,Central
HCP2760,Neurology,Drug_B,West
HCP2761,Endocrinology,Drug_D,South
HCP2762,General,Drug_B,East
HCP2763,General,Drug_A,East
HCP2764,Endocrinology,Drug_B,South
HCP2765,Endocrinology,Drug_A,West
HCP2766,General,Drug_B,Central
HCP2767,Neurology,Drug_C,South
HCP2768,Oncology,Drug_E,North
HCP2769,Oncology,Drug_C,West
HCP2770,Endocrinology,Drug_C,East
HCP2771,Oncology,Drug_E,South
HCP2772,General,Drug_E,East
HCP2773,General,Drug_D,West
HCP2774,Endocrinology,Drug_D,East
HCP2775,Endocrinology,Drug_C,South
HCP2776,Endocrinology,Drug_C,West
HCP2777,Neurology,Drug_A,North
HCP2778,Oncology,Drug_A,South
HCP2779,Endocrinology,Drug_D,Central
HCP2780,Cardiology,Drug_F,South
HCP2781,Cardiology,Drug_F,West
HCP2782,General,Drug_D,South
HCP2783,Oncology,Drug_A,North
HCP2784,Endocrinology,Drug_A,North
HCP2785,Cardiology,Drug_F,Central
HCP2786,Oncology,Drug_B,East
HCP2787,General,Drug_B,West
HCP2788,Neurology,Drug_A,West
HCP2789,Oncology,Drug_B,East
HCP2790,Oncology,Drug_E,North
HCP2791,Neurology,Drug_D,North
HCP2792,Oncology,Drug_D,South
HCP2793,General,Drug_A,Central
HCP2794,General,Drug_C,Central
HCP2795,Neurology,Drug_F,Central
HCP2796,Endocrinology,Drug_A,South
HCP2797,Cardiology,Drug_B,Central
HCP2798,Endocrinology,Drug_F,East
HCP2799,Oncology,Drug_C,South
HCP2800,Cardiology,Drug_B,East
HCP2801,Neurology,Drug_E,South
HCP2802,Neurology,Drug_B,Central
HCP2803,Cardiology,Drug_E,East
HCP2804,General,Drug_F,East
HCP2805,Cardiology,Drug_E,East
HCP2806,Oncology,Drug_F,South
HCP2807,General,Drug_F,West
HCP2808,Neurology,Drug_F,Central
HCP2809,Cardiology,Drug_F,East
HCP2810,Endocrinology,Drug_F,West
HCP2811,Endocrinology,Drug_B,Central
HCP2812,Oncology,Drug_F,Central
HCP2813,Endocrinology,Drug_B,East
HCP2814,Cardiology,Drug_F,East
HCP2815,Cardiology,Drug_E,South
HCP2816,Endocrinology,Drug_F,West
HCP2817,Cardiology,Drug_C,West
HCP2818,Oncology,Drug_F,East
HCP2819,General,Drug_F,Central
HCP2820,Oncology,Drug_E,East
HCP2821,Oncology,Drug_D,Central
HCP2822,Cardiology,Drug_E,Central
HCP2823,General,Drug_C,East
HCP2824,Cardiology,Drug_D,North
HCP2825,Neurology,Drug_A,West
HCP2826,Cardiology,Drug_A,Central
HCP2827,Cardiology,Drug_C,Central
HCP2828,Cardiology,Drug_E,North
HCP2829,General,Drug_B,South
HCP2830,Cardiology,Drug_C,North
HCP2831,General,Drug_D,North
HCP2832,Endocrinology,Drug_D,Central
HCP2833,Neurology,Drug_F,West
HCP2834,General,Drug_A,North
HCP2835,Endocrinology,Drug_D,South
HCP2836,General,Drug_C,East
HCP2837,General,Drug_D,North
HCP2838,Neurology,Drug_C,North
HCP2839,Oncology,Drug_B,South
HCP2840,Oncology,Drug_F,West
HCP2841,General,Drug_A,North
HCP2842,Cardiology,Drug_D,North
HCP2843,Endocrinology,Drug_C,West
HCP2844,Cardiology,Drug_E,South
HCP2845,Cardiology,Drug_A,North
HCP2846,General,Drug_B,West
HCP2847,General,Drug_C,North
HCP2848,General,Drug_F,East
HCP2849,General,Drug_F,Central
HCP2850,Oncology,Drug_B,East
HCP2851,General,Drug_B,North
HCP2852,Oncology,Drug_F,South
HCP2853,Oncology,Drug_D,Central
HCP2854,General,Drug_D,East
HCP2855,Neurology,Drug_C,West
HCP2856,Endocrinology,Drug_E,South
HCP2857,Cardiology,Drug_C,East
HCP2858,Oncology,Drug_E,West
HCP2859,Endocrinology,Drug_B,North
HCP2860,Neurology,Drug_A,West
HCP2861,Cardiology,Drug_C,East
HCP2862,Cardiology,Drug_C,East
HCP2863,Oncology,Drug_E,North
HCP2864,General,Drug_B,West
HCP2865,Neurology,Drug_B,West
HCP2866,Oncology,Drug_E,North
HCP2867,Neurology,Drug_B,West
HCP2868,General,Drug_F,North
HCP2869,General,Drug_D,South
HCP2870,Oncology,Drug_F,East
HCP2871,General,Drug_A,South
HCP2872,Endocrinology,Drug_C,Central
HCP2873,Cardiology,Drug_A,Central
HCP2874,Oncology,Drug_C,Central
HCP2875,Neurology,Drug_D,North
HCP2876,Endocrinology,Drug_B,West
HCP2877,Oncology,Drug_F,South
HCP2878,General,Drug_E,South
HCP2879,General,Drug_F,South
HCP2880,General,Drug_D,South
HCP2881,General,Drug_A,Central
HCP2882,Neurology,Drug_E,South
HCP2883,Endocrinology,Drug_B,West
HCP2884,Cardiology,Drug_D,Central
HCP2885,Neurology,Drug_E,South
HCP2886,Neurology,Drug_D,North
HCP2887,Cardiology,Drug_D,East
HCP2888,Cardiology,Drug_B,East
HCP2889,General,Drug_C,East
HCP2890,Neurology,Drug_E,Central
HCP2891,Oncology,Drug_B,South
HCP2892,Cardiology,Drug_D,Central
HCP2893,Cardiology,Drug_B,West
HCP2894,Endocrinology,Drug_C,North
HCP2895,Oncology,Drug_F,North
HCP2896,Oncology,Drug_E,East
HCP2897,Cardiology,Drug_C,East
HCP2898,General,Drug_A,East
HCP2899,Endocrinology,Drug_E,South
HCP2900,Oncology,Drug_C,West
HCP2901,Cardiology,Drug_D,West
HCP2902,Oncology,Drug_E,West
HCP2903,Endocrinology,Drug_E,West
HCP2904,Endocrinology,Drug_B,East
HCP2905,Neurology,Drug_D,North
HCP2906,Cardiology,Drug_A,East
HCP2907,Endocrinology,Drug_F,West
HCP2908,Neurology,Drug_C,East
HCP2909,Neurology,Drug_B,West
HCP2910,Oncology,Drug_C,Central
HCP2911,Oncology,Drug_A,North
HCP2912,Neurology,Drug_A,Central
HCP2913,Oncology,Drug_E,South
HCP2914,Endocrinology,Drug_A,East
HCP2915,General,Drug_C,South
HCP2916,Endocrinology,Drug_D,East
HCP2917,Neurology,Drug_D,Central
HCP2918,Neurology,Drug_E,West
HCP2919,Endocrinology,Drug_F,West
HCP2920,Oncology,Drug_C,East
HCP2921,Oncology,Drug_C,West
HCP2922,Neurology,Drug_A,Central
HCP2923,Cardiology,Drug_C,West
HCP2924,Oncology,Drug_B,Central
HCP2925,Endocrinology,Drug_F,South
HCP2926,Oncology,Drug_A,Central
HCP2927,Endocrinology,Drug_B,North
HCP2928,Neurology,Drug_E,North
HCP2929,Oncology,Drug_D,North
HCP2930,Endocrinology,Drug_E,East
HCP2931,Neurology,Drug_D,East
HCP2932,Cardiology,Drug_E,East
HCP2933,Endocrinology,Drug_C,Central
HCP2934,Cardiology,Drug_B,East
HCP2935,Cardiology,Drug_D,South
HCP2936,General,Drug_A,North
HCP2937,Oncology,Drug_B,Central
HCP2938,Endocrinology,Drug_A,North
HCP2939,Cardiology,Drug_B,East
HCP2940,General,Drug_B,Central
HCP2941,Neurology,Drug_E,West
HCP2942,Endocrinology,Drug_D,South
HCP2943,Cardiology,Drug_D,East
HCP2944,Oncology,Drug_B,East
HCP2945,General,Drug_C,South
HCP2946,Cardiology,Drug_C,South
HCP2947,Oncology,Drug_A,West
HCP2948,Cardiology,Drug_A,East
HCP2949,Endocrinology,Drug_E,East
HCP2950,Endocrinology,Drug_B,North
HCP2951,Endocrinology,Drug_A,Central
HCP2952,General,Drug_A,Central
HCP2953,Endocrinology,Drug_F,North
HCP2954,Oncology,Drug_B,Central
HCP2955,Cardiology,Drug_E,South
HCP2956,Neurology,Drug_A,Central
HCP2957,Oncology,Drug_E,Central
HCP2958,Oncology,Drug_D,North
HCP2959,Endocrinology,Drug_E,West
HCP2960,General,Drug_C,Central
HCP2961,Cardiology,Drug_C,Central
HCP2962,General,Drug_E,West
HCP2963,Cardiology,Drug_C,North
HCP2964,Cardiology,Drug_D,West
HCP2965,General,Drug_B,North
HCP2966,Oncology,Drug_C,South
HCP2967,Cardiology,Drug_C,North
HCP2968,General,Drug_E,South
HCP2969,Cardiology,Drug_D,South
HCP2970,Neurology,Drug_B,North
HCP2971,Oncology,Drug_E,East
HCP2972,Endocrinology,Drug_E,North
HCP2973,Cardiology,Drug_F,Central
HCP2974,Neurology,Drug_D,Central
HCP2975,Endocrinology,Drug_B,East
HCP2976,Endocrinology,Drug_D,South
HCP2977,Cardiology,Drug_B,East
HCP2978,General,Drug_D,Central
HCP2979,Cardiology,Drug_E,East
HCP2980,Neurology,Drug_E,North
HCP2981,Endocrinology,Drug_A,East
HCP2982,Cardiology,Drug_C,South
HCP2983,General,Drug_F,North
HCP2984,Cardiology,Drug_D,West
HCP2985,Oncology,Drug_F,Central
HCP2986,General,Drug_A,Central
HCP2987,Neurology,Drug_C,East
HCP2988,Endocrinology,Drug_D,North
HCP2989,Cardiology,Drug_B,West
HCP2990,General,Drug_C,North
HCP2991,Oncology,Drug_E,Central
HCP2992,General,Drug_A,North
HCP2993,Oncology,Drug_C,West
HCP2994,Neurology,Drug_C,East
HCP2995,Endocrinology,Drug_E,South
HCP2996,Neurology,Drug_D,North
HCP2997,Cardiology,Drug_B,South
HCP2998,General,Drug_E,Central
HCP2999,Oncology,Drug_B,East
